<keymap version="1" name="Visual Studio copy" parent="Visual Studio">
  <action id="ActivateDebugToolWindow" />
  <action id="ActivateFavoritesToolWindow" />
  <action id="ActivateFindToolWindow">
    <keyboard-shortcut first-keystroke="ctrl alt f12" />
  </action>
  <action id="ActivateLogcatToolWindow">
    <keyboard-shortcut first-keystroke="shift escape" />
  </action>
  <action id="ActivateProjectToolWindow" />
  <action id="ActivateRunToolWindow" />
  <action id="ActivateTerminalToolWindow">
    <keyboard-shortcut first-keystroke="ctrl back_quote" />
  </action>
  <action id="ActivateVersionControlToolWindow" />
  <action id="Adtui.ZoomInAction">
    <keyboard-shortcut first-keystroke="ctrl add" />
  </action>
  <action id="Adtui.ZoomOutAction">
    <keyboard-shortcut first-keystroke="ctrl subtract" />
  </action>
  <action id="Adtui.ZoomToFitAction">
    <keyboard-shortcut first-keystroke="ctrl divide" />
  </action>
  <action id="AutoIndentLines" />
  <action id="Back">
    <keyboard-shortcut first-keystroke="ctrl subtract" />
    <mouse-shortcut keystroke="button4" />
  </action>
  <action id="CIDR.Debugger.ShowInMemoryView" />
  <action id="CIDR.Lang.Cpp.GenerateDefinitions" />
  <action id="CloseActiveTab" />
  <action id="CloseAllToTheRight">
    <keyboard-shortcut first-keystroke="shift ctrl a" />
  </action>
  <action id="CloseAllUnpinnedEditors">
    <keyboard-shortcut first-keystroke="shift ctrl w" />
  </action>
  <action id="CloseContent">
    <keyboard-shortcut first-keystroke="ctrl w" />
  </action>
  <action id="CollapseAll">
    <keyboard-shortcut first-keystroke="ctrl subtract" />
  </action>
  <action id="CollapseExpandableComponent">
    <keyboard-shortcut first-keystroke="ctrl subtract" />
  </action>
  <action id="CommentByLineComment">
    <keyboard-shortcut first-keystroke="ctrl alt slash" />
    <keyboard-shortcut first-keystroke="ctrl alt divide" />
    <keyboard-shortcut first-keystroke="ctrl k" second-keystroke="c" />
    <keyboard-shortcut first-keystroke="ctrl k" second-keystroke="ctrl c" />
    <keyboard-shortcut first-keystroke="ctrl k" second-keystroke="ctrl slash" />
    <keyboard-shortcut first-keystroke="ctrl k" second-keystroke="ctrl u" />
    <keyboard-shortcut first-keystroke="ctrl slash" />
    <keyboard-shortcut first-keystroke="shift ctrl c" />
  </action>
  <action id="CompareTwoFiles" />
  <action id="Console.Execute.Multiline" />
  <action id="Console.TableResult.EditValueMaximized" />
  <action id="ConvertJavaToKotlin" />
  <action id="CopyPaths" />
  <action id="Diff.FocusOppositePane" />
  <action id="Diff.FocusOppositePaneAndScroll" />
  <action id="Diff.NextChange" />
  <action id="Diff.PrevChange" />
  <action id="Diff.ShowDiff" />
  <action id="Diff.ShowSettingsPopup" />
  <action id="DirDiffMenu.SynchronizeDiff.All" />
  <action id="EditorAddOrRemoveCaret">
    <mouse-shortcut keystroke="control button1" />
  </action>
  <action id="EditorCloneCaretAbove">
    <keyboard-shortcut first-keystroke="shift alt up" />
  </action>
  <action id="EditorCloneCaretBelow">
    <keyboard-shortcut first-keystroke="shift alt down" />
  </action>
  <action id="EditorCodeBlockEnd" />
  <action id="EditorCodeBlockStart" />
  <action id="EditorCreateRectangularSelectionOnMouseDrag">
    <mouse-shortcut keystroke="shift alt button1" />
  </action>
  <action id="EditorDecreaseFontSize">
    <keyboard-shortcut first-keystroke="ctrl minus" />
  </action>
  <action id="EditorDuplicate" />
  <action id="EditorDuplicateLines">
    <keyboard-shortcut first-keystroke="shift ctrl d" />
  </action>
  <action id="EditorHungryBackSpace">
    <keyboard-shortcut first-keystroke="shift ctrl back_space" />
  </action>
  <action id="EditorIncreaseFontSize">
    <keyboard-shortcut first-keystroke="ctrl equals" />
  </action>
  <action id="EditorIndentSelection">
    <keyboard-shortcut first-keystroke="tab" />
    <keyboard-shortcut first-keystroke="ctrl close_bracket" />
  </action>
  <action id="EditorLookupDown" />
  <action id="EditorLookupUp" />
  <action id="EditorMatchBrace" />
  <action id="EditorNextWordInDifferentHumpsMode">
    <keyboard-shortcut first-keystroke="ctrl alt right" />
  </action>
  <action id="EditorNextWordInDifferentHumpsModeWithSelection">
    <keyboard-shortcut first-keystroke="shift ctrl alt right" />
  </action>
  <action id="EditorPreviousWordInDifferentHumpsMode">
    <keyboard-shortcut first-keystroke="ctrl alt left" />
  </action>
  <action id="EditorPreviousWordInDifferentHumpsModeWithSelection">
    <keyboard-shortcut first-keystroke="shift ctrl alt left" />
  </action>
  <action id="EditorScrollDown" />
  <action id="EditorScrollUp" />
  <action id="EditorSelectWord" />
  <action id="EditorStartNewLine">
    <keyboard-shortcut first-keystroke="ctrl enter" />
  </action>
  <action id="EditorStartNewLineBefore">
    <keyboard-shortcut first-keystroke="shift enter" />
  </action>
  <action id="EditorToggleInsertState" />
  <action id="EditorUnSelectWord" />
  <action id="EditorUnindentSelection">
    <keyboard-shortcut first-keystroke="shift tab" />
    <keyboard-shortcut first-keystroke="ctrl open_bracket" />
  </action>
  <action id="EmmetNextEditPoint" />
  <action id="EmmetPreviousEditPoint" />
  <action id="ExpandAll">
    <keyboard-shortcut first-keystroke="ctrl add" />
  </action>
  <action id="ExpandExpandableComponent">
    <keyboard-shortcut first-keystroke="ctrl add" />
  </action>
  <action id="ExternalSystem.CollapseAll">
    <keyboard-shortcut first-keystroke="ctrl subtract" />
  </action>
  <action id="ExternalSystem.ExpandAll">
    <keyboard-shortcut first-keystroke="ctrl add" />
  </action>
  <action id="FileChooser.GotoDesktop" />
  <action id="FileChooser.TogglePathShowing" />
  <action id="FindNext" />
  <action id="Flutter.Toolbar.ReloadAction">
    <keyboard-shortcut first-keystroke="ctrl alt enter" />
  </action>
  <action id="GoToTab1">
    <keyboard-shortcut first-keystroke="alt 1" />
  </action>
  <action id="GoToTab2">
    <keyboard-shortcut first-keystroke="alt 2" />
  </action>
  <action id="GoToTab3">
    <keyboard-shortcut first-keystroke="alt 3" />
  </action>
  <action id="GoToTab4">
    <keyboard-shortcut first-keystroke="alt 4" />
  </action>
  <action id="GoToTab5">
    <keyboard-shortcut first-keystroke="alt 5" />
  </action>
  <action id="GoToTab6">
    <keyboard-shortcut first-keystroke="alt 6" />
  </action>
  <action id="GoToTab7">
    <keyboard-shortcut first-keystroke="alt 7" />
  </action>
  <action id="GoToTab8">
    <keyboard-shortcut first-keystroke="alt 8" />
  </action>
  <action id="GoToTab9">
    <keyboard-shortcut first-keystroke="alt 9" />
  </action>
  <action id="GotoAction" />
  <action id="GotoDeclaration">
    <keyboard-shortcut first-keystroke="f12" />
    <mouse-shortcut keystroke="button2" />
  </action>
  <action id="GotoFile" />
  <action id="GotoImplementation">
    <mouse-shortcut keystroke="alt button1" />
    <keyboard-shortcut first-keystroke="alt g" />
  </action>
  <action id="GotoNextError">
    <keyboard-shortcut first-keystroke="ctrl alt down" />
  </action>
  <action id="GotoPreviousError">
    <keyboard-shortcut first-keystroke="ctrl alt up" />
  </action>
  <action id="Groovy.Shell.Execute" />
  <action id="HideActiveWindow" />
  <action id="HideSideWindows">
    <keyboard-shortcut first-keystroke="ctrl back_slash" />
  </action>
  <action id="Images.Editor.ActualSize">
    <keyboard-shortcut first-keystroke="ctrl divide" />
  </action>
  <action id="Images.Editor.ZoomIn">
    <keyboard-shortcut first-keystroke="ctrl add" />
  </action>
  <action id="Images.Editor.ZoomOut">
    <keyboard-shortcut first-keystroke="ctrl subtract" />
  </action>
  <action id="Images.Thumbnails.Hide" />
  <action id="JumpToLastChange">
    <keyboard-shortcut first-keystroke="ctrl alt back_space" />
  </action>
  <action id="JumpToLastWindow">
    <keyboard-shortcut first-keystroke="shift alt f6" />
  </action>
  <action id="KotlinShellExecute" />
  <action id="MethodOverloadSwitchDown" />
  <action id="MethodOverloadSwitchUp" />
  <action id="MoveElementLeft" />
  <action id="MoveElementRight" />
  <action id="MoveLineDown">
    <keyboard-shortcut first-keystroke="ctrl down" />
  </action>
  <action id="MoveLineUp">
    <keyboard-shortcut first-keystroke="ctrl up" />
  </action>
  <action id="NextOccurence" />
  <action id="NextTab">
    <keyboard-shortcut first-keystroke="ctrl tab" />
    <keyboard-shortcut first-keystroke="shift alt close_bracket" />
  </action>
  <action id="OpenElementInNewWindow" />
  <action id="OpenFile" />
  <action id="OverrideMethods">
    <keyboard-shortcut first-keystroke="ctrl o" />
  </action>
  <action id="PinActiveTab">
    <keyboard-shortcut first-keystroke="shift ctrl x" />
  </action>
  <action id="PreviousOccurence" />
  <action id="PreviousTab">
    <keyboard-shortcut first-keystroke="shift ctrl tab" />
    <keyboard-shortcut first-keystroke="shift alt open_bracket" />
  </action>
  <action id="Print" />
  <action id="QuickEvaluateExpression">
    <keyboard-shortcut first-keystroke="ctrl alt f8" />
  </action>
  <action id="ReformatCode">
    <keyboard-shortcut first-keystroke="ctrl alt l" />
  </action>
  <action id="ReopenClosedTab">
    <keyboard-shortcut first-keystroke="shift ctrl t" />
  </action>
  <action id="Rerun" />
  <action id="ResizeToolWindowLeft" />
  <action id="ResizeToolWindowRight" />
  <action id="ResourceExplorer.show" />
  <action id="RunOnMultipleDevices">
    <keyboard-shortcut first-keystroke="shift ctrl f5" />
  </action>
  <action id="SearchEverywhere">
    <keyboard-shortcut first-keystroke="ctrl p" />
  </action>
  <action id="SearchEverywhere.NavigateToNextGroup">
    <keyboard-shortcut first-keystroke="page_down" />
  </action>
  <action id="SearchEverywhere.NavigateToPrevGroup">
    <keyboard-shortcut first-keystroke="page_up" />
  </action>
  <action id="SelectNextOccurrence">
    <keyboard-shortcut first-keystroke="ctrl d" />
  </action>
  <action id="SendEOF" />
  <action id="ServiceView.GroupByContributor" />
  <action id="ShowBookmarks" />
  <action id="SmartSelect" />
  <action id="SmartUnSelect" />
  <action id="SplitVertically">
    <keyboard-shortcut first-keystroke="alt v" />
  </action>
  <action id="SurroundWith">
    <keyboard-shortcut first-keystroke="ctrl alt t" />
  </action>
  <action id="Switcher" />
  <action id="ToggleFullScreen" />
  <action id="ToggleLineBreakpoint">
    <keyboard-shortcut first-keystroke="ctrl b" />
  </action>
  <action id="UpdateRunningApplication" />
  <action id="UsageGrouping.UsageType" />
  <action id="ViewMainMenu">
    <keyboard-shortcut first-keystroke="t" />
  </action>
  <action id="ViewSource" />
  <action id="android.deploy.ApplyChanges">
    <keyboard-shortcut first-keystroke="ctrl f10" />
  </action>
  <action id="android.deploy.CodeSwap">
    <keyboard-shortcut first-keystroke="ctrl alt f10" />
  </action>
  <action id="openAssertEqualsDiff" />
  <action id="org.intellij.plugins.markdown.ui.actions.styling.ToggleBoldAction" />
  <action id="tasks.close" />
</keymap>